<assembly
  xmlns="http://maven.apache.org/plugins/maven-assembly-plugin/assembly/1.1.0"
  xmlns:xsi="http://www.w3.org/2001/XMLSchema-instance"
  xsi:schemaLocation="http://maven.apache.org/plugins/maven-assembly-plugin/assembly/1.1.0 http://maven.apache.org/xsd/assembly-1.1.0.xsd">
  <id>dist</id>
  <baseDirectory>/target/lib</baseDirectory>
  <includeBaseDirectory>false</includeBaseDirectory>
  <formats>
    <format>zip</format>
  </formats>
  <fileSets>
    <fileSet>
      <includes>
        <include>lib/*.jar</include>
        <include>target/${project.finalName}.jar</include>
      </includes>
    </fileSet>
  </fileSets>
    <!-- <files>
    <file>
      <outputDirectory>./lib/</outputDirectory>
      <source>target/lib/*.jar</source>
    </file>
  </files> -->
</assembly>